Expiration Date,Calls,Last Sale,Net,Bid,Ask,Volume,IV,Delta,Gamma,Open Interest,Strike,Puts,Last Sale.1,Net.1,Bid.1,Ask.1,Volume.1,IV.1,Delta.1,Gamma.1,Open Interest.1,Expiration
Thu Jan 02 2025,SPXW250102C05870000,32.65,10.53,41.4,42.4,1110,0.2002,0.7456,0.0061,469,5870.0,SPXW250102P05870000,13.65,-7.15,8.0,8.3,1572,0.206,-0.2544,0.0061,1033,Jan_2025
Thu Jan 02 2025,SPXW250102C05875000,29.47,6.97,37.6,38.6,956,0.1985,0.7159,0.0066,289,5875.0,SPXW250102P05875000,15.63,-7.45,9.2,9.5,2030,0.204,-0.2841,0.0066,995,Jan_2025
Thu Jan 02 2025,SPXW250102C05880000,26.62,5.9,34.1,34.8,2033,0.1974,0.6838,0.007,570,5880.0,SPXW250102P05880000,17.45,-8.0,10.5,10.9,3447,0.202,-0.3162,0.007,1333,Jan_2025
Thu Jan 02 2025,SPXW250102C05885000,23.4,8.25,30.6,31.3,1984,0.1955,0.6496,0.0073,631,5885.0,SPXW250102P05885000,19.68,-8.6,12.0,12.4,1895,0.2,-0.3504,0.0073,779,Jan_2025
Thu Jan 02 2025,SPXW250102C05890000,20.6,5.75,27.3,27.9,2844,0.1934,0.6133,0.0076,958,5890.0,SPXW250102P05890000,22.1,-10.15,13.6,14.0,2672,0.1982,-0.3867,0.0076,927,Jan_2025
Thu Jan 02 2025,SPXW250102C05895000,18.7,4.07,24.2,24.8,1377,0.192,0.5752,0.0079,463,5895.0,SPXW250102P05895000,24.7,-10.55,15.5,16.0,1451,0.1962,-0.4248,0.0079,629,Jan_2025
Fri Jan 03 2025,SPXW250103C05870000,39.7,-34.05,50.7,51.5,80,0.1863,0.685,0.0047,179,5870.0,SPXW250103P05870000,21.53,-3.95,15.2,15.8,526,0.1889,-0.3161,0.0047,1166,Jan_2025
Fri Jan 03 2025,SPXW250103C05875000,38.87,2.55,47.2,48.0,337,0.1852,0.6622,0.0048,410,5875.0,SPXW250103P05875000,25.07,-8.72,16.7,17.2,805,0.1875,-0.3389,0.0048,936,Jan_2025
Fri Jan 03 2025,SPXW250103C05880000,35.7,7.4,43.8,44.6,557,0.1841,0.6385,0.005,495,5880.0,SPXW250103P05880000,25.4,4.95,18.3,18.8,1312,0.1863,-0.3626,0.005,1376,Jan_2025
Fri Jan 03 2025,SPXW250103C05885000,32.9,5.65,40.5,41.3,768,0.1829,0.6139,0.0052,455,5885.0,SPXW250103P05885000,27.12,-7.11,20.0,20.6,494,0.1854,-0.3871,0.0052,648,Jan_2025
Fri Jan 03 2025,SPXW250103C05890000,31.2,-28.45,37.3,38.1,383,0.1815,0.5885,0.0053,577,5890.0,SPXW250103P05890000,29.7,4.74,21.8,22.4,579,0.184,-0.4125,0.0053,997,Jan_2025
Fri Jan 03 2025,SPXW250103C05895000,27.75,7.62,34.3,35.0,446,0.1803,0.5624,0.0054,257,5895.0,SPXW250103P05895000,33.8,8.45,23.7,24.4,520,0.1827,-0.4386,0.0054,634,Jan_2025
Mon Jan 06 2025,SPXW250106C05870000,50.5,-28.1,57.2,58.0,35,0.1381,0.6544,0.004,36,5870.0,SPXW250106P05870000,27.7,5.35,21.4,22.0,183,0.1391,-0.3466,0.004,556,Jan_2025
Mon Jan 06 2025,SPXW250106C05875000,41.8,8.15,53.8,54.6,46,0.1373,0.635,0.0041,117,5875.0,SPXW250106P05875000,32.4,-6.57,23.1,23.7,180,0.1387,-0.366,0.0041,168,Jan_2025
Mon Jan 06 2025,SPXW250106C05880000,42.5,-29.15,50.6,51.4,218,0.1369,0.615,0.0042,116,5880.0,SPXW250106P05880000,31.8,6.6,24.8,25.4,394,0.1379,-0.386,0.0042,327,Jan_2025
Mon Jan 06 2025,SPXW250106C05885000,39.27,-28.93,47.4,48.2,293,0.1361,0.5946,0.0042,140,5885.0,SPXW250106P05885000,36.6,-6.91,26.6,27.2,191,0.1371,-0.4064,0.0042,152,Jan_2025
Mon Jan 06 2025,SPXW250106C05890000,34.5,-30.35,44.4,45.1,300,0.1353,0.5737,0.0043,195,5890.0,SPXW250106P05890000,36.23,7.73,28.5,29.2,188,0.1365,-0.4273,0.0043,204,Jan_2025
Mon Jan 06 2025,SPXW250106C05895000,34.84,-26.76,41.4,42.2,70,0.1348,0.5524,0.0044,60,5895.0,SPXW250106P05895000,39.5,-7.74,30.6,31.2,79,0.1358,-0.4486,0.0044,138,Jan_2025
Tue Jan 07 2025,SPXW250107C05870000,56.45,-26.95,62.7,63.7,2,0.1444,0.638,0.0035,20,5870.0,SPXW250107P05870000,35.7,9.2,26.4,27.2,146,0.1457,-0.363,0.0035,106,Jan_2025
Tue Jan 07 2025,SPXW250107C05875000,45.8,-34.05,59.4,60.4,10,0.1437,0.6209,0.0036,21,5875.0,SPXW250107P05875000,35.21,7.26,28.1,28.8,338,0.1448,-0.3802,0.0036,441,Jan_2025
Tue Jan 07 2025,SPXW250107C05880000,47.3,3.6,56.2,57.2,263,0.1431,0.6034,0.0036,96,5880.0,SPXW250107P05880000,37.5,8.15,29.8,30.6,346,0.144,-0.3977,0.0036,275,Jan_2025
Tue Jan 07 2025,SPXW250107C05885000,44.5,-28.45,53.1,54.0,154,0.1422,0.5855,0.0037,67,5885.0,SPXW250107P05885000,39.6,8.65,31.7,32.5,96,0.1435,-0.4155,0.0037,107,Jan_2025
Tue Jan 07 2025,SPXW250107C05890000,43.0,-26.65,50.0,51.0,41,0.1417,0.5673,0.0037,115,5890.0,SPXW250107P05890000,41.77,9.17,33.6,34.5,157,0.1428,-0.4337,0.0037,174,Jan_2025
Tue Jan 07 2025,SPXW250107C05895000,39.2,-27.15,47.1,48.0,16,0.141,0.5487,0.0038,11,5895.0,SPXW250107P05895000,45.9,11.45,35.7,36.5,34,0.1421,-0.4523,0.0038,72,Jan_2025
Wed Jan 08 2025,SPXW250108C05870000,54.7,-32.9,67.6,68.6,16,0.1485,0.6268,0.0032,23,5870.0,SPXW250108P05870000,41.21,11.11,30.8,31.4,40,0.1492,-0.3742,0.0032,189,Jan_2025
Wed Jan 08 2025,SPXW250108C05875000,53.6,-30.5,64.3,65.3,19,0.1477,0.6113,0.0032,44,5875.0,SPXW250108P05875000,39.1,7.65,32.5,33.2,250,0.1486,-0.3897,0.0032,432,Jan_2025
Wed Jan 08 2025,SPXW250108C05880000,51.0,-29.6,61.1,62.1,71,0.147,0.5954,0.0033,58,5880.0,SPXW250108P05880000,46.2,8.85,34.3,35.0,48,0.1479,-0.4056,0.0033,215,Jan_2025
Wed Jan 08 2025,SPXW250108C05885000,49.95,-27.1,58.0,59.0,59,0.1463,0.5793,0.0033,54,5885.0,SPXW250108P05885000,42.9,9.45,36.2,36.9,39,0.1472,-0.4217,0.0033,55,Jan_2025
Wed Jan 08 2025,SPXW250108C05890000,45.6,-28.25,55.0,55.9,88,0.1456,0.5629,0.0034,246,5890.0,SPXW250108P05890000,45.5,-2.9,38.2,38.8,92,0.1465,-0.4381,0.0034,154,Jan_2025
Wed Jan 08 2025,SPXW250108C05895000,42.7,-27.85,52.0,53.0,58,0.1449,0.5462,0.0034,50,5895.0,SPXW250108P05895000,47.85,9.8,40.2,40.9,57,0.1458,-0.4547,0.0034,60,Jan_2025
Thu Jan 09 2025,SPXW250109C05870000,75.0,0.0,64.6,71.4,0,0.1379,0.6275,0.0032,14,5870.0,SPXW250109P05870000,44.57,14.62,27.7,34.5,8,0.1394,-0.3735,0.0032,29,Jan_2025
Thu Jan 09 2025,SPXW250109C05875000,52.86,-31.14,61.3,68.1,1,0.1371,0.6119,0.0032,7,5875.0,SPXW250109P05875000,42.3,11.05,29.4,36.2,24,0.1386,-0.389,0.0032,141,Jan_2025
Thu Jan 09 2025,SPXW250109C05880000,51.75,-28.75,58.2,64.9,2,0.1366,0.5961,0.0033,21,5880.0,SPXW250109P05880000,41.09,8.14,31.2,38.0,2,0.138,-0.4049,0.0033,62,Jan_2025
Thu Jan 09 2025,SPXW250109C05885000,48.05,-29.1,55.0,61.8,1,0.1359,0.5799,0.0033,9,5885.0,SPXW250109P05885000,36.69,0.0,33.1,39.9,0,0.1374,-0.421,0.0033,33,Jan_2025
Thu Jan 09 2025,SPXW250109C05890000,82.0,0.0,52.0,58.8,0,0.1353,0.5635,0.0034,19,5890.0,SPXW250109P05890000,51.66,15.46,35.0,41.9,11,0.1367,-0.4375,0.0034,176,Jan_2025
Thu Jan 09 2025,SPXW250109C05895000,47.2,-23.25,49.0,55.9,6,0.1347,0.5468,0.0034,10,5895.0,SPXW250109P05895000,52.95,15.05,37.1,44.0,18,0.1362,-0.4541,0.0034,15,Jan_2025
Fri Jan 10 2025,SPXW250110C05870000,66.12,-28.33,75.3,76.4,106,0.1495,0.6172,0.0028,59,5870.0,SPXW250110P05870000,40.45,5.25,36.6,37.5,545,0.1501,-0.3838,0.0028,787,Jan_2025
Fri Jan 10 2025,SPXW250110C05875000,60.96,-30.14,72.0,73.2,87,0.1488,0.6036,0.0028,295,5875.0,SPXW250110P05875000,45.5,-8.07,38.3,39.3,550,0.1494,-0.3974,0.0028,1258,Jan_2025
Fri Jan 10 2025,SPXW250110C05880000,60.93,-26.72,68.8,70.0,125,0.148,0.5897,0.0029,189,5880.0,SPXW250110P05880000,47.63,9.43,40.1,41.1,139,0.1487,-0.4112,0.0029,678,Jan_2025
Fri Jan 10 2025,SPXW250110C05885000,57.4,-26.85,65.7,66.9,65,0.1474,0.5756,0.0029,84,5885.0,SPXW250110P05885000,49.5,9.8,42.0,43.0,224,0.1481,-0.4253,0.0029,360,Jan_2025
Fri Jan 10 2025,SPXW250110C05890000,52.7,-28.15,62.7,63.8,66,0.1467,0.5614,0.0029,117,5890.0,SPXW250110P05890000,51.1,9.8,43.9,45.0,380,0.1474,-0.4396,0.0029,934,Jan_2025
Fri Jan 10 2025,SPXW250110C05895000,52.48,-25.07,59.7,60.9,39,0.146,0.5468,0.003,52,5895.0,SPXW250110P05895000,54.13,11.13,45.9,47.0,35,0.1466,-0.4541,0.003,47,Jan_2025
Mon Jan 13 2025,SPXW250113C05870000,76.78,-21.62,79.5,80.6,3,0.1384,0.6118,0.0026,95,5870.0,SPXW250113P05870000,46.46,8.31,40.0,40.9,14,0.1384,-0.3891,0.0026,140,Jan_2025
Mon Jan 13 2025,SPXW250113C05875000,60.2,-34.7,76.2,77.3,31,0.1376,0.5991,0.0026,68,5875.0,SPXW250113P05875000,48.1,-7.32,41.7,42.7,67,0.1378,-0.4018,0.0026,302,Jan_2025
Mon Jan 13 2025,SPXW250113C05880000,65.9,-25.35,73.0,74.1,9,0.1369,0.5861,0.0027,73,5880.0,SPXW250113P05880000,52.7,-6.84,43.5,44.5,93,0.1371,-0.4148,0.0027,173,Jan_2025
Mon Jan 13 2025,SPXW250113C05885000,0.0,0.0,69.9,71.0,0,0.1362,0.573,0.0027,0,5885.0,SPXW250113P05885000,53.76,11.01,45.3,46.3,64,0.1362,-0.4279,0.0027,65,Jan_2025
Mon Jan 13 2025,SPXW250113C05890000,57.96,7.15,66.8,67.9,12,0.1355,0.5596,0.0028,27,5890.0,SPXW250113P05890000,58.4,-5.55,47.3,48.3,5,0.1357,-0.4413,0.0028,84,Jan_2025
Mon Jan 13 2025,SPXW250113C05895000,58.03,-23.17,63.8,64.9,7,0.1348,0.546,0.0028,21,5895.0,SPXW250113P05895000,55.4,9.4,49.2,50.3,104,0.1349,-0.4549,0.0028,114,Jan_2025
Tue Jan 14 2025,SPXW250114C05870000,90.32,0.0,83.3,84.4,0,0.1407,0.6083,0.0025,11,5870.0,SPXW250114P05870000,49.68,8.93,43.1,44.0,25,0.141,-0.3926,0.0025,22,Jan_2025
Tue Jan 14 2025,SPXW250114C05875000,64.89,-33.46,80.1,81.2,6,0.1401,0.5963,0.0025,5,5875.0,SPXW250114P05875000,51.67,9.32,44.8,45.7,36,0.1402,-0.4047,0.0025,120,Jan_2025
Tue Jan 14 2025,SPXW250114C05880000,65.2,-29.75,76.9,78.0,7,0.1393,0.5841,0.0025,3,5880.0,SPXW250114P05880000,53.63,9.83,46.6,47.5,48,0.1395,-0.4169,0.0025,63,Jan_2025
Tue Jan 14 2025,SPXW250114C05885000,65.1,-26.35,73.7,74.8,8,0.1385,0.5716,0.0026,10,5885.0,SPXW250114P05885000,55.3,9.8,48.5,49.4,22,0.1389,-0.4293,0.0026,21,Jan_2025
Tue Jan 14 2025,SPXW250114C05890000,64.61,-23.34,70.7,71.7,9,0.1379,0.5591,0.0026,33,5890.0,SPXW250114P05890000,56.1,9.1,50.4,51.3,5,0.1381,-0.4419,0.0026,15,Jan_2025
Tue Jan 14 2025,SPXW250114C05895000,61.71,-23.14,67.6,68.7,4,0.1371,0.5463,0.0026,3,5895.0,SPXW250114P05895000,55.67,7.07,52.3,53.3,118,0.1374,-0.4547,0.0026,134,Jan_2025
Wed Jan 15 2025,SPXW250115C05870000,76.69,-28.91,87.4,88.5,22,0.1444,0.6032,0.0023,33,5870.0,SPXW250115P05870000,54.63,10.38,46.9,47.8,3,0.1447,-0.3978,0.0023,60,Jan_2025
Wed Jan 15 2025,SPXW250115C05875000,73.93,-28.22,84.2,85.2,14,0.1435,0.5919,0.0024,24,5875.0,SPXW250115P05875000,54.17,8.37,48.6,49.5,35,0.1438,-0.4091,0.0024,183,Jan_2025
Wed Jan 15 2025,SPXW250115C05880000,73.7,-24.75,80.9,82.0,4,0.1428,0.5804,0.0024,37,5880.0,SPXW250115P05880000,45.5,-1.7,50.4,51.3,1,0.1431,-0.4206,0.0024,67,Jan_2025
Wed Jan 15 2025,SPXW250115C05885000,69.8,-25.45,77.8,78.8,27,0.142,0.5687,0.0024,39,5885.0,SPXW250115P05885000,58.6,9.7,52.2,53.2,1,0.1424,-0.4322,0.0024,29,Jan_2025
Wed Jan 15 2025,SPXW250115C05890000,69.13,-22.57,74.7,75.7,7,0.1413,0.5569,0.0024,22,5890.0,SPXW250115P05890000,59.49,9.09,54.1,55.1,3,0.1416,-0.444,0.0024,129,Jan_2025
Wed Jan 15 2025,SPXW250115C05895000,66.18,-22.37,71.7,72.7,18,0.1406,0.5449,0.0025,29,5895.0,SPXW250115P05895000,61.49,9.29,56.1,57.0,21,0.1409,-0.4561,0.0025,65,Jan_2025
Thu Jan 16 2025,SPXW250116C05870000,90.2,0.0,90.6,91.7,0,0.1456,0.6007,0.0022,26,5870.0,SPXW250116P05870000,54.37,7.72,49.4,50.4,8,0.1458,-0.4002,0.0022,17,Jan_2025
Thu Jan 16 2025,SPXW250116C05875000,106.47,0.0,87.3,88.4,0,0.1448,0.5899,0.0023,2,5875.0,SPXW250116P05875000,64.6,16.5,51.1,52.1,7,0.145,-0.411,0.0023,21,Jan_2025
Thu Jan 16 2025,SPXW250116C05880000,85.43,0.0,84.1,85.2,0,0.144,0.5789,0.0023,1,5880.0,SPXW250116P05880000,61.1,11.55,52.9,53.9,21,0.1442,-0.422,0.0023,44,Jan_2025
Thu Jan 16 2025,SPXW250116C05885000,72.6,-25.65,80.9,82.0,30,0.1432,0.5677,0.0023,38,5885.0,SPXW250116P05885000,61.9,10.65,54.7,55.7,10,0.1434,-0.4332,0.0023,30,Jan_2025
Thu Jan 16 2025,SPXW250116C05890000,72.2,-22.65,77.8,78.9,3,0.1424,0.5564,0.0023,19,5890.0,SPXW250116P05890000,49.37,0.0,56.6,57.6,0,0.1427,-0.4445,0.0023,54,Jan_2025
Thu Jan 16 2025,SPXW250116C05895000,69.25,-22.25,74.8,75.9,7,0.1417,0.5449,0.0024,21,5895.0,SPXW250116P05895000,72.0,0.0,58.5,59.5,0,0.1418,-0.456,0.0024,13,Jan_2025
Fri Jan 17 2025,SPXW250117C05875000,83.83,-25.72,92.1,93.1,109,0.1464,0.5932,0.0022,146,5875.0,SPXW250117P05875000,61.2,11.55,52.9,53.8,194,0.1466,-0.4077,0.0022,3685,Jan_2025
Fri Jan 17 2025,SPX250117C05880000,74.52,-30.38,87.2,88.5,85,0.1434,0.5847,0.0022,303,5880.0,SPX250117P05880000,56.22,6.37,52.8,54.0,380,0.1437,-0.4163,0.0022,1405,Jan_2025
Fri Jan 17 2025,SPXW250117C05880000,77.67,-28.43,88.8,89.8,63,0.1455,0.5827,0.0022,603,5880.0,SPXW250117P05880000,63.2,12.05,54.6,55.5,315,0.1458,-0.4182,0.0022,590,Jan_2025
Fri Jan 17 2025,SPX250117C05885000,69.2,-32.2,84.0,85.3,173,0.1426,0.5738,0.0023,201,5885.0,SPX250117P05885000,62.3,10.95,54.6,55.8,206,0.1429,-0.4271,0.0023,797,Jan_2025
Fri Jan 17 2025,SPXW250117C05885000,82.6,-20.25,85.6,86.6,41,0.1447,0.5721,0.0022,110,5885.0,SPXW250117P05885000,66.9,14.35,56.4,57.3,18,0.145,-0.4288,0.0022,239,Jan_2025
Fri Jan 17 2025,SPX250117C05890000,76.3,-21.7,80.9,82.2,15,0.142,0.5628,0.0023,301,5890.0,SPX250117P05890000,62.88,9.93,56.4,57.6,78,0.142,-0.4382,0.0023,888,Jan_2025
Tue Jan 21 2025,SPXW250121C05870000,86.0,-31.0,99.5,100.7,2,0.1386,0.6001,0.002,48,5870.0,SPXW250121P05870000,49.49,0.0,54.7,55.7,0,0.1387,-0.4009,0.002,63,Jan_2025
Tue Jan 21 2025,SPXW250121C05875000,85.51,-27.79,96.2,97.4,17,0.1379,0.5903,0.002,24,5875.0,SPXW250121P05875000,66.03,13.38,56.4,57.4,11,0.138,-0.4106,0.002,36,Jan_2025
Tue Jan 21 2025,SPXW250121C05880000,81.5,-28.5,92.9,94.1,26,0.1371,0.5804,0.0021,63,5880.0,SPXW250121P05880000,67.93,13.78,58.1,59.1,27,0.1372,-0.4206,0.0021,181,Jan_2025
Tue Jan 21 2025,SPXW250121C05885000,0.0,0.0,89.7,90.9,0,0.1363,0.5703,0.0021,0,5885.0,SPXW250121P05885000,63.1,0.0,59.9,60.9,0,0.1365,-0.4306,0.0021,27,Jan_2025
Tue Jan 21 2025,SPXW250121C05890000,81.08,-22.12,86.6,87.7,5,0.1356,0.5601,0.0021,13,5890.0,SPXW250121P05890000,67.78,0.0,61.7,62.7,0,0.1357,-0.4409,0.0021,15,Jan_2025
Tue Jan 21 2025,SPXW250121C05895000,78.03,-21.62,83.4,84.6,6,0.1348,0.5497,0.0021,4,5895.0,SPXW250121P05895000,69.59,10.64,63.5,64.6,4,0.1349,-0.4512,0.0021,5,Jan_2025
Wed Jan 22 2025,SPXW250122C05870000,95.33,-24.62,102.6,103.8,1,0.1403,0.5984,0.002,3,5870.0,SPXW250122P05870000,63.47,9.82,57.2,58.2,13,0.1404,-0.4026,0.002,76,Jan_2025
Wed Jan 22 2025,SPXW250122C05875000,90.7,-25.8,99.3,100.4,1,0.1394,0.589,0.002,6,5875.0,SPXW250122P05875000,71.6,16.5,58.8,59.9,4,0.1396,-0.412,0.002,119,Jan_2025
Wed Jan 22 2025,SPXW250122C05880000,140.35,0.0,96.0,97.2,0,0.1387,0.5794,0.002,1,5880.0,SPXW250122P05880000,64.9,8.3,60.5,61.6,3,0.1388,-0.4216,0.002,56,Jan_2025
Wed Jan 22 2025,SPXW250122C05885000,84.7,-24.85,92.8,93.9,2,0.1379,0.5697,0.002,2,5885.0,SPXW250122P05885000,65.86,0.0,62.3,63.4,0,0.1381,-0.4313,0.002,1,Jan_2025
Wed Jan 22 2025,SPXW250122C05890000,82.36,-23.74,89.6,90.8,2,0.1372,0.5598,0.002,2,5890.0,SPXW250122P05890000,79.8,20.05,64.1,65.2,3,0.1373,-0.4412,0.002,44,Jan_2025
Wed Jan 22 2025,SPXW250122C05895000,75.78,-26.97,86.5,87.6,9,0.1363,0.5498,0.0021,8,5895.0,SPXW250122P05895000,75.1,13.85,65.9,67.0,3,0.1365,-0.4512,0.0021,3,Jan_2025
Thu Jan 23 2025,SPXW250123C05870000,0.0,0.0,105.3,106.6,0,0.1412,0.5973,0.0019,0,5870.0,SPXW250123P05870000,54.93,0.0,59.2,60.3,0,0.1414,-0.4037,0.0019,29,Jan_2025
Thu Jan 23 2025,SPXW250123C05875000,0.0,0.0,102.0,103.3,0,0.1404,0.5881,0.0019,0,5875.0,SPXW250123P05875000,65.82,8.87,60.9,61.9,20,0.1406,-0.4128,0.0019,24,Jan_2025
Thu Jan 23 2025,SPXW250123C05880000,97.92,0.0,98.8,100.0,0,0.1397,0.5788,0.0019,1,5880.0,SPXW250123P05880000,35.08,0.0,62.6,63.6,0,0.1398,-0.4221,0.0019,1,Jan_2025
Thu Jan 23 2025,SPXW250123C05885000,0.0,0.0,95.5,96.8,0,0.1388,0.5694,0.002,0,5885.0,SPXW250123P05885000,70.93,10.88,64.3,65.4,1,0.139,-0.4316,0.002,1,Jan_2025
Thu Jan 23 2025,SPXW250123C05890000,85.85,-22.95,92.3,93.6,2,0.1381,0.5598,0.002,5,5890.0,SPXW250123P05890000,43.28,0.0,66.1,67.2,0,0.1382,-0.4411,0.002,2,Jan_2025
Thu Jan 23 2025,SPXW250123C05895000,0.0,0.0,89.2,90.4,0,0.1373,0.5502,0.002,0,5895.0,SPXW250123P05895000,79.53,16.23,68.0,69.1,6,0.1376,-0.4508,0.002,6,Jan_2025
Fri Jan 24 2025,SPXW250124C05870000,111.3,-15.05,109.3,110.4,6,0.1427,0.5983,0.0018,16,5870.0,SPXW250124P05870000,76.47,19.02,61.3,62.3,1,0.1434,-0.4027,0.0018,658,Jan_2025
Fri Jan 24 2025,SPXW250124C05875000,93.63,-29.27,105.9,107.1,3,0.142,0.5894,0.0018,36,5875.0,SPXW250124P05875000,74.55,15.65,62.9,63.9,10,0.1425,-0.4115,0.0018,183,Jan_2025
Fri Jan 24 2025,SPXW250124C05880000,92.39,-26.96,102.7,103.8,17,0.1412,0.5806,0.0019,39,5880.0,SPXW250124P05880000,78.25,17.85,64.6,65.7,9,0.1418,-0.4204,0.0019,368,Jan_2025
Fri Jan 24 2025,SPXW250124C05885000,114.79,0.0,99.4,100.6,0,0.1405,0.5713,0.0019,6,5885.0,SPXW250124P05885000,65.1,3.25,66.4,67.4,23,0.1411,-0.4295,0.0019,48,Jan_2025
Fri Jan 24 2025,SPXW250124C05890000,89.42,-23.13,96.2,97.4,3,0.1396,0.5623,0.0019,13,5890.0,SPXW250124P05890000,71.1,7.65,68.2,69.2,7,0.1403,-0.4387,0.0019,84,Jan_2025
Fri Jan 24 2025,SPXW250124C05895000,189.76,0.0,93.1,94.2,0,0.1389,0.5528,0.0019,14,5895.0,SPXW250124P05895000,77.0,11.85,70.0,71.0,13,0.1395,-0.448,0.0019,90,Jan_2025
Mon Jan 27 2025,SPXW250127C05870000,135.0,0.0,112.2,113.5,0,0.1387,0.5966,0.0018,5,5870.0,SPXW250127P05870000,76.81,17.26,63.5,64.6,64,0.1388,-0.4042,0.0018,28,Jan_2025
Mon Jan 27 2025,SPXW250127C05875000,100.0,-25.7,108.9,110.1,2,0.138,0.588,0.0018,3,5875.0,SPXW250127P05875000,58.9,0.0,65.2,66.2,0,0.1381,-0.4128,0.0018,23,Jan_2025
Mon Jan 27 2025,SPXW250127C05880000,143.45,0.0,105.6,106.9,0,0.1372,0.5794,0.0018,61,5880.0,SPXW250127P05880000,76.92,14.42,66.8,67.9,32,0.1372,-0.4214,0.0018,44,Jan_2025
Mon Jan 27 2025,SPXW250127C05885000,91.78,91.78,102.3,103.6,2,0.1364,0.5706,0.0018,2,5885.0,SPXW250127P05885000,0.0,0.0,68.6,69.7,0,0.1366,-0.4302,0.0018,0,Jan_2025
Mon Jan 27 2025,SPXW250127C05890000,88.73,-26.47,99.1,100.4,2,0.1357,0.5616,0.0018,3,5890.0,SPXW250127P05890000,67.28,0.0,70.3,71.5,0,0.1358,-0.4392,0.0018,51,Jan_2025
Mon Jan 27 2025,SPXW250127C05895000,0.0,0.0,96.0,97.2,0,0.135,0.5526,0.0019,0,5895.0,SPXW250127P05895000,0.0,0.0,72.1,73.3,0,0.135,-0.4482,0.0019,0,Jan_2025
Tue Jan 28 2025,SPXW250128C05870000,0.0,0.0,115.0,116.3,0,0.1399,0.5957,0.0017,0,5870.0,SPXW250128P05870000,79.25,17.8,65.5,66.5,2,0.1399,-0.4052,0.0017,2,Jan_2025
Tue Jan 28 2025,SPXW250128C05875000,162.63,0.0,111.7,112.9,0,0.139,0.5874,0.0018,7,5875.0,SPXW250128P05875000,51.8,0.0,67.2,68.2,0,0.1392,-0.4135,0.0018,23,Jan_2025
Tue Jan 28 2025,SPXW250128C05880000,158.73,0.0,108.4,109.6,0,0.1384,0.579,0.0018,7,5880.0,SPXW250128P05880000,0.0,0.0,68.9,69.9,0,0.1385,-0.4219,0.0018,0,Jan_2025
Tue Jan 28 2025,SPXW250128C05885000,0.0,0.0,0.0,0.0,0,0.0,0.0,0.0,0,5885.0,SPXW250128P05885000,0.0,0.0,0.0,0.0,0,0.0,0.0,0.0,0,Jan_2025
Tue Jan 28 2025,SPXW250128C05890000,146.5,0.0,101.9,103.2,0,0.1369,0.5617,0.0018,10,5890.0,SPXW250128P05890000,62.31,0.0,72.4,73.4,0,0.137,-0.4391,0.0018,20,Jan_2025
Tue Jan 28 2025,SPXW250128C05895000,0.0,0.0,0.0,0.0,0,0.0,0.0,0.0,0,5895.0,SPXW250128P05895000,0.0,0.0,0.0,0.0,0,0.0,0.0,0.0,0,Jan_2025
Wed Jan 29 2025,SPXW250129C05870000,142.9,0.0,119.3,120.5,0,0.1434,0.5938,0.0017,11,5870.0,SPXW250129P05870000,81.9,17.2,69.0,70.0,1,0.1434,-0.4071,0.0017,7,Jan_2025
Wed Jan 29 2025,SPXW250129C05875000,139.48,0.0,115.9,117.2,0,0.1426,0.5858,0.0017,232,5875.0,SPXW250129P05875000,65.81,0.0,70.7,71.6,0,0.1426,-0.4151,0.0017,1339,Jan_2025
Wed Jan 29 2025,SPXW250129C05880000,105.4,-23.6,112.6,113.9,3,0.1419,0.5777,0.0017,33,5880.0,SPXW250129P05880000,65.63,0.0,72.4,73.3,0,0.1419,-0.4232,0.0017,2,Jan_2025
Wed Jan 29 2025,SPXW250129C05885000,0.0,0.0,0.0,0.0,0,0.0,0.0,0.0,0,5885.0,SPXW250129P05885000,0.0,0.0,0.0,0.0,0,0.0,0.0,0.0,0,Jan_2025
Wed Jan 29 2025,SPXW250129C05890000,101.2,-20.85,106.2,107.3,3,0.1403,0.5612,0.0017,4,5890.0,SPXW250129P05890000,89.61,18.81,75.8,76.8,1,0.1404,-0.4397,0.0017,1,Jan_2025
Wed Jan 29 2025,SPXW250129C05895000,0.0,0.0,0.0,0.0,0,0.0,0.0,0.0,0,5895.0,SPXW250129P05895000,0.0,0.0,0.0,0.0,0,0.0,0.0,0.0,0,Jan_2025
Thu Jan 30 2025,SPXW250130C05870000,118.7,-20.15,122.1,123.4,2,0.1446,0.593,0.0016,2,5870.0,SPXW250130P05870000,77.08,10.33,71.1,72.1,2,0.1446,-0.4078,0.0016,26,Jan_2025
Thu Jan 30 2025,SPXW250130C05875000,115.0,-20.35,118.7,120.0,2,0.1438,0.5853,0.0016,1,5875.0,SPXW250130P05875000,82.96,14.76,72.7,73.8,2,0.1439,-0.4156,0.0016,46,Jan_2025
Thu Jan 30 2025,SPXW250130C05880000,0.0,0.0,115.4,116.7,0,0.143,0.5774,0.0016,0,5880.0,SPXW250130P05880000,80.58,10.88,74.4,75.5,3,0.1432,-0.4235,0.0016,23,Jan_2025
Thu Jan 30 2025,SPXW250130C05890000,108.7,-16.3,109.0,110.2,4,0.1416,0.5613,0.0017,15,5890.0,SPXW250130P05890000,84.05,11.15,77.8,78.9,3,0.1416,-0.4396,0.0017,43,Jan_2025
Thu Jan 30 2025,SPXW250130C05900000,88.77,-29.53,102.6,103.8,6,0.14,0.5448,0.0017,8,5900.0,SPXW250130P05900000,88.08,11.98,81.5,82.6,8,0.1402,-0.4561,0.0017,34,Jan_2025
Thu Jan 30 2025,SPXW250130C05910000,83.07,-28.73,96.4,97.7,1,0.1385,0.5279,0.0017,1,5910.0,SPXW250130P05910000,91.75,12.25,85.2,86.4,4,0.1386,-0.473,0.0017,12,Jan_2025
Fri Jan 31 2025,SPXW250131C05870000,110.59,-32.16,126.2,127.4,33,0.1466,0.594,0.0016,55,5870.0,SPXW250131P05870000,80.3,11.55,73.3,74.2,176,0.1468,-0.4069,0.0016,1714,Jan_2025
Fri Jan 31 2025,SPXW250131C05875000,120.39,-18.86,122.9,124.0,50,0.1458,0.5865,0.0016,226,5875.0,SPXW250131P05875000,82.5,12.2,74.9,75.9,477,0.1461,-0.4144,0.0016,604,Jan_2025
Fri Jan 31 2025,SPXW250131C05880000,115.65,-20.15,119.6,120.7,45,0.1451,0.5789,0.0016,197,5880.0,SPXW250131P05880000,81.9,10.05,76.6,77.6,14,0.1454,-0.422,0.0016,130,Jan_2025
Fri Jan 31 2025,SPXW250131C05885000,106.3,-26.05,116.3,117.5,3,0.1443,0.5711,0.0016,43,5885.0,SPXW250131P05885000,85.0,11.75,78.3,79.3,6,0.1446,-0.4298,0.0016,101,Jan_2025
Fri Jan 31 2025,SPXW250131C05890000,125.03,-3.77,113.1,114.2,2,0.1436,0.5633,0.0016,108,5890.0,SPXW250131P05890000,83.5,8.65,80.0,81.0,92,0.1438,-0.4376,0.0016,1659,Jan_2025
Fri Jan 31 2025,SPXW250131C05895000,101.4,-24.2,109.9,111.0,5,0.1428,0.5554,0.0016,58,5895.0,SPXW250131P05895000,87.16,10.71,81.8,82.8,66,0.1431,-0.4455,0.0016,140,Jan_2025
Fri Nov 21 2025,SPX251121C05825000,662.51,0.0,507.3,514.0,0,0.1689,0.6477,0.0004,39,5825.0,SPX251121P05825000,225.6,0.0,244.1,247.2,0,0.1689,-0.3575,0.0004,166,Nov_2025
Fri Nov 21 2025,SPX251121C05850000,603.04,0.0,492.1,495.5,0,0.1674,0.6384,0.0004,443,5850.0,SPX251121P05850000,242.3,0.0,250.9,253.8,0,0.1672,-0.3669,0.0004,168,Nov_2025
Fri Nov 21 2025,SPX251121C05875000,600.2,0.0,474.7,478.4,0,0.1657,0.6287,0.0004,575,5875.0,SPX251121P05875000,266.05,0.0,257.4,260.7,0,0.1655,-0.3765,0.0004,166,Nov_2025
Fri Nov 21 2025,SPX251121C05900000,469.61,-4.04,457.9,461.3,115,0.1641,0.6189,0.0004,2665,5900.0,SPX251121P05900000,232.99,0.0,264.7,267.7,0,0.1639,-0.3864,0.0004,749,Nov_2025
Fri Nov 21 2025,SPX251121C05925000,534.47,0.0,440.9,444.6,0,0.1624,0.6088,0.0004,667,5925.0,SPX251121P05925000,232.29,0.0,271.6,275.0,0,0.1621,-0.3964,0.0004,146,Nov_2025
Fri Nov 21 2025,SPX251121C05950000,412.7,-27.2,424.6,428.0,2,0.1607,0.5986,0.0004,1263,5950.0,SPX251121P05950000,270.54,0.0,279.0,282.4,0,0.1604,-0.4067,0.0004,101,Nov_2025
Fri Jan 16 2026,SPX260116C05825000,689.1,0.0,557.5,565.7,0,0.1702,0.6551,0.0004,24,5825.0,SPX260116P05825000,263.4,0.0,261.8,265.2,0,0.1703,-0.3514,0.0004,261,Jan_2026
Fri Jan 16 2026,SPX260116C05850000,565.77,0.0,540.4,549.3,0,0.1689,0.6466,0.0004,28,5850.0,SPX260116P05850000,277.54,12.14,268.4,272.1,200,0.1689,-0.36,0.0004,324,Jan_2026
Fri Jan 16 2026,SPX260116C05875000,563.93,0.0,523.4,531.4,0,0.1672,0.6378,0.0004,143,5875.0,SPX260116P05875000,286.9,14.8,275.2,278.9,1,0.1674,-0.3687,0.0004,160,Jan_2026
Fri Jan 16 2026,SPX260116C05900000,516.19,-8.26,508.8,513.1,1,0.1659,0.6289,0.0004,352,5900.0,SPX260116P05900000,290.0,11.1,282.2,285.5,257,0.1658,-0.3776,0.0004,1799,Jan_2026
Fri Jan 16 2026,SPX260116C05925000,562.09,0.0,489.9,497.8,0,0.1642,0.6198,0.0004,52,5925.0,SPX260116P05925000,285.97,0.02,289.3,293.1,4,0.1643,-0.3867,0.0004,116,Jan_2026
Fri Jan 16 2026,SPX260116C05950000,490.9,0.0,473.4,481.2,1,0.1626,0.6105,0.0004,184,5950.0,SPX260116P05950000,293.17,0.02,296.6,300.5,4,0.1628,-0.396,0.0004,99,Jan_2026
Fri Dec 19 2025,SPX251219C05825000,574.61,0.0,534.3,537.5,0,0.1701,0.6502,0.0004,410,5825.0,SPX251219P05825000,262.47,10.22,255.4,257.8,6,0.17,-0.3555,0.0004,700,Dec_2025
Fri Dec 19 2025,SPX251219C05850000,523.46,0.0,517.2,520.2,0,0.1685,0.6412,0.0004,2305,5850.0,SPX251219P05850000,269.89,11.04,262.0,264.5,30,0.1684,-0.3644,0.0004,3018,Dec_2025
Fri Dec 19 2025,SPX251219C05875000,488.5,-27.65,500.0,503.2,200,0.1669,0.6321,0.0004,1002,5875.0,SPX251219P05875000,278.3,12.85,269.0,271.5,24,0.1669,-0.3736,0.0004,12044,Dec_2025
Fri Dec 19 2025,SPX251219C05900000,479.31,-19.59,483.1,486.2,7,0.1653,0.6228,0.0004,7197,5900.0,SPX251219P05900000,285.9,13.55,275.9,278.4,9,0.1652,-0.3829,0.0004,5298,Dec_2025
Fri Dec 19 2025,SPX251219C05925000,448.98,-33.22,466.1,469.5,2,0.1636,0.6132,0.0004,3203,5925.0,SPX251219P05925000,289.83,10.48,283.0,285.6,2,0.1636,-0.3925,0.0004,1900,Dec_2025
Fri Dec 19 2025,SPX251219C05950000,435.47,-30.08,450.1,453.0,554,0.1621,0.6034,0.0004,2983,5950.0,SPX251219P05950000,302.12,15.52,290.4,293.0,451,0.162,-0.4022,0.0004,3453,Dec_2025
Wed Dec 31 2025,SPXW251231C05825000,525.06,-36.24,544.1,548.0,5,0.17,0.6516,0.0004,7,5825.0,SPXW251231P05825000,265.0,9.2,258.5,261.5,27,0.17,-0.3544,0.0004,147,Dec_2025
Wed Dec 31 2025,SPXW251231C05850000,510.06,-33.84,526.9,530.7,3,0.1685,0.6428,0.0004,7,5850.0,SPXW251231P05850000,270.29,10.7,265.1,268.2,179,0.1684,-0.3631,0.0004,342,Dec_2025
Wed Dec 31 2025,SPXW251231C05875000,498.52,-28.18,509.8,513.5,1,0.1669,0.6338,0.0004,5,5875.0,SPXW251231P05875000,279.42,10.52,271.9,275.0,161,0.1668,-0.3721,0.0004,116,Dec_2025
Wed Dec 31 2025,SPXW251231C05900000,485.12,-24.53,492.9,496.7,26,0.1653,0.6246,0.0004,33,5900.0,SPXW251231P05900000,286.38,10.58,278.9,282.0,81,0.1653,-0.3813,0.0004,254,Dec_2025
Wed Dec 31 2025,SPXW251231C05925000,552.86,0.0,476.2,480.0,0,0.1638,0.6153,0.0004,4,5925.0,SPXW251231P05925000,295.9,0.0,286.1,289.2,0,0.1637,-0.3906,0.0004,2,Dec_2025
Wed Dec 31 2025,SPXW251231C05950000,449.5,0.0,459.7,463.3,0,0.1621,0.6058,0.0004,6,5950.0,SPXW251231P05950000,303.7,13.7,293.4,296.6,2,0.1621,-0.4002,0.0004,9,Dec_2025
Fri Aug 15 2025,SPX250815C05825000,420.29,-7.81,410.3,415.8,2,0.1629,0.6397,0.0005,130,5825.0,SPX250815P05825000,210.1,0.0,199.3,201.5,0,0.1632,-0.3641,0.0005,151,Aug_2025
Fri Aug 15 2025,SPX250815C05850000,388.32,0.0,394.4,397.0,0,0.161,0.6281,0.0005,1349,5850.0,SPX250815P05850000,210.18,8.08,205.9,208.1,14,0.1612,-0.3757,0.0005,788,Aug_2025
Fri Aug 15 2025,SPX250815C05875000,387.12,0.0,376.7,379.5,0,0.1589,0.6161,0.0005,844,5875.0,SPX250815P05875000,218.59,9.89,212.8,215.0,30,0.1592,-0.3877,0.0005,398,Aug_2025
Fri Aug 15 2025,SPX250815C05900000,380.04,0.0,359.8,362.4,0,0.157,0.6037,0.0005,1394,5900.0,SPX250815P05900000,226.32,10.67,219.9,222.1,29,0.1571,-0.4001,0.0005,3030,Aug_2025
Fri Aug 15 2025,SPX250815C05925000,326.53,-31.52,342.7,345.5,2,0.1549,0.591,0.0005,232,5925.0,SPX250815P05925000,239.18,16.43,227.3,229.6,3,0.1552,-0.4128,0.0005,124,Aug_2025
Fri Aug 15 2025,SPX250815C05950000,313.58,-27.57,326.5,328.9,1,0.153,0.5779,0.0006,323,5950.0,SPX250815P05950000,248.98,18.78,235.1,237.3,2,0.1532,-0.4258,0.0006,625,Aug_2025
Tue Dec 31 2024,SPXW241231C05870000,13.9,-46.25,12.7,20.9,17597,0.0,0.0,0.0,995,5870.0,SPXW241231P05870000,0.05,-7.15,0.0,0.05,57378,0.0,0.0,0.0,2230,Dec_2024
Tue Dec 31 2024,SPXW241231C05875000,8.9,-47.45,7.7,11.5,16460,0.0,0.0,0.0,811,5875.0,SPXW241231P05875000,0.05,-8.25,0.0,0.1,47505,0.0,0.0,0.0,2698,Dec_2024
Tue Dec 31 2024,SPXW241231C05880000,3.71,-48.84,2.85,5.6,30644,0.0,0.0,0.0,809,5880.0,SPXW241231P05880000,0.25,-9.15,0.2,0.25,47969,0.0,0.0,0.0,2982,Dec_2024
Tue Dec 31 2024,SPXW241231C05885000,0.63,-48.22,0.3,0.85,29839,0.0,0.0,0.0,986,5885.0,SPXW241231P05885000,2.4,-8.3,1.7,2.75,33071,0.0,0.0,0.0,3519,Dec_2024
Tue Dec 31 2024,SPXW241231C05890000,0.05,-45.2,0.05,0.1,43993,0.0,0.0,0.0,1070,5890.0,SPXW241231P05890000,5.61,-6.49,5.7,7.3,38116,0.0,0.0,0.0,4714,Dec_2024
Tue Dec 31 2024,SPXW241231C05895000,0.05,-41.8,0.0,0.05,32843,0.0,0.0,0.0,524,5895.0,SPXW241231P05895000,10.9,-2.85,10.3,12.1,25090,0.0,0.0,0.0,908,Dec_2024
Fri Dec 18 2026,SPX261218C05750000,858.63,-33.07,861.6,871.7,2,0.0,0.7015,0.0002,190,5750.0,SPX261218P05750000,334.99,0.0,335.5,341.8,0,0.1842,-0.3096,0.0002,442,Dec_2026
Fri Dec 18 2026,SPX261218C05800000,842.86,0.0,828.9,839.0,0,0.0,0.6904,0.0002,3046,5800.0,SPX261218P05800000,359.02,13.92,348.4,354.7,12,0.1822,-0.3207,0.0002,2513,Dec_2026
Fri Dec 18 2026,SPX261218C05850000,888.5,0.0,796.7,806.7,0,0.0,0.679,0.0002,149,5850.0,SPX261218P05850000,372.44,14.24,361.6,368.1,250,0.1802,-0.3321,0.0002,485,Dec_2026
Fri Dec 18 2026,SPX261218C05900000,761.1,-32.7,763.7,774.8,2,0.0,0.6673,0.0003,928,5900.0,SPX261218P05900000,388.1,16.35,375.3,381.8,4,0.1782,-0.3438,0.0003,1836,Dec_2026
Fri Dec 18 2026,SPX261218C05950000,822.67,0.0,741.3,757.0,0,0.1763,0.6553,0.0003,576,5950.0,SPX261218P05950000,381.7,0.0,389.4,396.0,0,0.1762,-0.3558,0.0003,776,Dec_2026
Fri Dec 18 2026,SPX261218C06000000,713.6,-17.4,711.6,725.8,45,0.1745,0.643,0.0003,3820,6000.0,SPX261218P06000000,416.66,16.41,403.9,410.7,10,0.1742,-0.3681,0.0003,2726,Dec_2026
Fri Dec 17 2027,SPX271217C05600000,1238.25,0.0,1193.0,1210.5,0,0.0,0.753,0.0002,336,5600.0,SPX271217P05600000,370.94,0.0,349.4,366.4,0,0.1937,-0.263,0.0002,292,Dec_2027
Fri Dec 17 2027,SPX271217C05700000,1175.6,0.0,1129.8,1147.2,0,0.0,0.7367,0.0002,226,5700.0,SPX271217P05700000,379.43,0.0,373.1,390.5,0,0.1907,-0.2793,0.0002,1091,Dec_2027
Fri Dec 17 2027,SPX271217C05800000,1192.51,0.0,1067.6,1084.9,0,0.0,0.7198,0.0002,1053,5800.0,SPX271217P05800000,375.96,0.0,398.0,415.8,0,0.1877,-0.2962,0.0002,547,Dec_2027
Fri Dec 17 2027,SPX271217C05900000,1009.5,-30.4,1006.7,1023.8,50,0.0,0.7022,0.0002,417,5900.0,SPX271217P05900000,411.96,0.0,424.0,442.1,0,0.1846,-0.3138,0.0002,519,Dec_2027
Fri Dec 17 2027,SPX271217C06000000,960.0,-19.5,946.9,963.9,100,0.0,0.684,0.0002,2241,6000.0,SPX271217P06000000,465.65,11.1,451.0,469.6,126,0.1815,-0.332,0.0002,2451,Dec_2027
Fri Dec 17 2027,SPX271217C06100000,1058.47,0.0,871.0,1000.0,0,0.187,0.665,0.0002,668,6100.0,SPX271217P06100000,449.6,0.0,479.3,498.2,0,0.1783,-0.3509,0.0002,575,Dec_2027
Fri Jun 20 2025,SPX250620C05870000,337.87,0.0,316.4,320.6,0,0.1551,0.6093,0.0006,2,5870.0,SPX250620P05870000,193.51,16.01,181.7,183.7,5,0.155,-0.3935,0.0006,15,Jun_2025
Fri Jun 20 2025,SPX250620C05875000,357.39,0.0,314.1,316.0,0,0.1546,0.6064,0.0006,1742,5875.0,SPX250620P05875000,196.59,17.74,183.4,185.2,202,0.1546,-0.3964,0.0006,2572,Jun_2025
Fri Jun 20 2025,SPX250620C05880000,300.83,-25.02,309.5,313.7,3,0.1542,0.6035,0.0006,3,5880.0,SPX250620P05880000,196.23,15.93,184.6,186.6,88,0.1541,-0.3994,0.0006,62,Jun_2025
Fri Jun 20 2025,SPX250620C05890000,295.4,-23.55,302.7,306.9,3,0.1533,0.5976,0.0006,26,5890.0,SPX250620P05890000,193.83,10.73,187.6,189.6,56,0.1532,-0.4053,0.0006,29,Jun_2025
Fri Jun 20 2025,SPX250620C05900000,292.66,-19.39,296.9,298.9,3,0.1523,0.5916,0.0006,12943,5900.0,SPX250620P05900000,196.16,10.16,190.8,192.5,1719,0.1524,-0.4113,0.0006,11683,Jun_2025
Fri Jun 20 2025,SPX250620C05910000,280.83,-24.32,290.3,292.2,5,0.1515,0.5855,0.0006,126,5910.0,SPX250620P05910000,190.1,0.0,193.6,195.6,0,0.1514,-0.4174,0.0006,3,Jun_2025
Mon Jun 30 2025,SPXW250630C05870000,397.61,0.0,327.5,329.9,0,0.1553,0.6104,0.0006,5,5870.0,SPXW250630P05870000,201.28,18.38,187.2,189.2,1,0.1553,-0.3924,0.0006,50,Jun_2025
Mon Jun 30 2025,SPXW250630C05875000,468.66,0.0,324.1,326.4,0,0.1549,0.6076,0.0006,55,5875.0,SPXW250630P05875000,201.39,17.09,188.7,190.7,5,0.1549,-0.3952,0.0006,274,Jun_2025
Mon Jun 30 2025,SPXW250630C05880000,396.08,0.0,320.6,323.0,0,0.1544,0.6048,0.0006,10,5880.0,SPXW250630P05880000,199.0,13.3,190.1,192.1,38,0.1545,-0.3981,0.0006,177,Jun_2025
Mon Jun 30 2025,SPXW250630C05890000,334.7,0.0,313.8,316.2,0,0.1536,0.599,0.0006,20,5890.0,SPXW250630P05890000,197.0,8.5,193.0,195.1,10,0.1536,-0.4038,0.0006,13,Jun_2025
Mon Jun 30 2025,SPXW250630C05900000,301.92,-20.28,307.1,309.4,1,0.1527,0.5932,0.0006,372,5900.0,SPXW250630P05900000,200.9,9.5,196.1,198.1,19,0.1528,-0.4096,0.0006,476,Jun_2025
Mon Jun 30 2025,SPXW250630C05910000,314.53,0.0,300.3,302.6,0,0.1518,0.5873,0.0006,5,5910.0,SPXW250630P05910000,196.7,2.4,199.0,201.1,5,0.1519,-0.4155,0.0006,60,Jun_2025
Thu Jun 18 2026,SPX260618C05825000,821.94,0.0,672.5,682.0,0,0.0,0.6689,0.0003,24,5825.0,SPX260618P05825000,346.4,0.0,308.7,313.6,0,0.1753,-0.3399,0.0003,42,Jun_2026
Thu Jun 18 2026,SPX260618C05850000,748.25,0.0,638.7,685.0,0,0.1705,0.6619,0.0003,211,5850.0,SPX260618P05850000,309.42,0.0,315.4,320.4,0,0.1741,-0.3469,0.0003,908,Jun_2026
Thu Jun 18 2026,SPX260618C05875000,645.2,-24.75,649.0,661.8,9,0.1732,0.6548,0.0003,433,5875.0,SPX260618P05875000,291.46,0.0,322.2,327.2,0,0.1729,-0.354,0.0003,68,Jun_2026
Thu Jun 18 2026,SPX260618C05900000,635.53,0.0,632.6,644.1,0,0.1717,0.6477,0.0003,1016,5900.0,SPX260618P05900000,339.61,12.56,329.2,334.3,4,0.1717,-0.3611,0.0003,974,Jun_2026
Thu Jun 18 2026,SPX260618C05925000,745.78,0.0,616.4,627.8,0,0.1705,0.6404,0.0003,235,5925.0,SPX260618P05925000,314.99,0.0,336.3,341.4,0,0.1705,-0.3684,0.0003,221,Jun_2026
Thu Jun 18 2026,SPX260618C05950000,765.93,0.0,600.3,611.6,0,0.1693,0.6329,0.0003,63,5950.0,SPX260618P05950000,321.54,0.0,343.5,348.7,0,0.1693,-0.3759,0.0003,573,Jun_2026
Fri Oct 17 2025,SPX251017C05825000,495.86,0.0,475.1,478.4,0,0.1668,0.645,0.0004,978,5825.0,SPX251017P05825000,191.55,0.0,228.7,231.5,0,0.1667,-0.3598,0.0004,212,Oct_2025
Fri Oct 17 2025,SPX251017C05850000,556.28,0.0,457.8,460.8,0,0.165,0.635,0.0004,2947,5850.0,SPX251017P05850000,243.23,0.0,235.3,238.1,0,0.1649,-0.3699,0.0004,435,Oct_2025
Fri Oct 17 2025,SPX251017C05875000,492.06,0.0,440.4,443.5,0,0.1632,0.6246,0.0004,947,5875.0,SPX251017P05875000,246.92,8.57,242.1,244.9,52,0.1631,-0.3802,0.0004,1715,Oct_2025
Fri Oct 17 2025,SPX251017C05900000,488.93,0.0,423.4,426.4,0,0.1614,0.614,0.0005,956,5900.0,SPX251017P05900000,242.43,0.0,249.3,252.1,0,0.1614,-0.3908,0.0005,1058,Oct_2025
Fri Oct 17 2025,SPX251017C05925000,448.28,0.0,406.4,409.6,0,0.1596,0.6031,0.0005,386,5925.0,SPX251017P05925000,261.42,9.12,256.3,259.2,53,0.1595,-0.4017,0.0005,526,Oct_2025
Fri Oct 17 2025,SPX251017C05950000,491.71,0.0,388.3,394.2,0,0.1578,0.592,0.0005,18,5950.0,SPX251017P05950000,257.08,0.0,263.7,266.7,0,0.1577,-0.4129,0.0005,1706,Oct_2025
Mon Feb 03 2025,SPXW250203C05870000,139.3,0.0,128.7,130.1,0,0.143,0.5932,0.0015,2,5870.0,SPXW250203P05870000,87.75,17.15,75.1,76.1,4,0.143,-0.4077,0.0015,9,Feb_2025
Mon Feb 03 2025,SPXW250203C05875000,113.7,-27.95,125.4,126.7,4,0.1423,0.5859,0.0016,3,5875.0,SPXW250203P05875000,84.58,12.38,76.7,77.8,14,0.1423,-0.415,0.0016,27,Feb_2025
Mon Feb 03 2025,SPXW250203C05880000,158.9,0.0,122.1,123.4,0,0.1416,0.5784,0.0016,6,5880.0,SPXW250203P05880000,86.43,12.73,78.4,79.4,23,0.1415,-0.4225,0.0016,6,Feb_2025
Mon Feb 03 2025,SPXW250203C05890000,108.84,-22.66,115.6,116.8,1,0.1401,0.5632,0.0016,6,5890.0,SPXW250203P05890000,89.18,12.48,81.8,82.9,22,0.1401,-0.4377,0.0016,15,Feb_2025
Mon Feb 03 2025,SPXW250203C05900000,96.7,-28.0,109.2,110.5,2,0.1386,0.5476,0.0016,53,5900.0,SPXW250203P05900000,78.5,-1.5,85.4,86.5,4,0.1387,-0.4533,0.0016,38,Feb_2025
Mon Feb 03 2025,SPXW250203C05910000,94.6,0.0,103.0,104.1,0,0.1371,0.5316,0.0016,5,5910.0,SPXW250203P05910000,110.12,0.0,89.1,90.2,0,0.1372,-0.4693,0.0016,16,Feb_2025
Tue Feb 04 2025,SPXW250204C05870000,0.0,0.0,0.0,0.0,0,0.0,0.0,0.0,0,5870.0,SPXW250204P05870000,0.0,0.0,0.0,0.0,0,0.0,0.0,0.0,0,Feb_2025
Tue Feb 04 2025,SPXW250204C05875000,126.6,-17.35,127.7,129.0,7,0.1428,0.5858,0.0015,45,5875.0,SPXW250204P05875000,92.82,0.0,78.3,79.3,0,0.1428,-0.4151,0.0015,3,Feb_2025
Tue Feb 04 2025,SPXW250204C05880000,0.0,0.0,0.0,0.0,0,0.0,0.0,0.0,0,5880.0,SPXW250204P05880000,0.0,0.0,0.0,0.0,0,0.0,0.0,0.0,0,Feb_2025
Tue Feb 04 2025,SPXW250204C05890000,0.0,0.0,0.0,0.0,0,0.0,0.0,0.0,0,5890.0,SPXW250204P05890000,0.0,0.0,0.0,0.0,0,0.0,0.0,0.0,0,Feb_2025
Tue Feb 04 2025,SPXW250204C05900000,108.0,-18.95,111.5,112.7,1,0.1392,0.5483,0.0016,174,5900.0,SPXW250204P05900000,93.34,11.84,86.9,88.0,1,0.1392,-0.4526,0.0016,3,Feb_2025
Tue Feb 04 2025,SPXW250204C05910000,0.0,0.0,0.0,0.0,0,0.0,0.0,0.0,0,5910.0,SPXW250204P05910000,0.0,0.0,0.0,0.0,0,0.0,0.0,0.0,0,Feb_2025
Wed Feb 05 2025,SPXW250205C05870000,153.37,0.0,133.5,134.8,0,0.1443,0.5927,0.0015,3,5870.0,SPXW250205P05870000,66.7,0.0,78.3,79.3,0,0.1442,-0.4083,0.0015,2,Feb_2025
Wed Feb 05 2025,SPXW250205C05875000,181.77,0.0,130.1,131.4,0,0.1435,0.5856,0.0015,3,5875.0,SPXW250205P05875000,93.92,18.82,79.9,80.9,1,0.1435,-0.4153,0.0015,23,Feb_2025
Wed Feb 05 2025,SPXW250205C05880000,152.15,0.0,126.8,128.1,0,0.1428,0.5784,0.0015,1,5880.0,SPXW250205P05880000,90.17,0.0,81.6,82.6,0,0.1428,-0.4225,0.0015,11,Feb_2025
Wed Feb 05 2025,SPXW250205C05890000,142.12,0.0,120.3,121.6,0,0.1414,0.5638,0.0015,1,5890.0,SPXW250205P05890000,99.88,0.0,85.0,86.0,0,0.1414,-0.4371,0.0015,9,Feb_2025
Wed Feb 05 2025,SPXW250205C05900000,111.0,8.9,113.9,115.1,0,0.1399,0.5488,0.0016,41,5900.0,SPXW250205P05900000,94.92,11.92,88.6,89.6,3,0.14,-0.4521,0.0016,10,Feb_2025
Wed Feb 05 2025,SPXW250205C05910000,119.9,0.0,107.6,108.9,0,0.1385,0.5335,0.0016,12,5910.0,SPXW250205P05910000,83.48,-2.92,92.2,93.3,2,0.1385,-0.4674,0.0016,49,Feb_2025
Thu Feb 06 2025,SPXW250206C05870000,0.0,0.0,135.7,137.1,0,0.1448,0.5926,0.0014,0,5870.0,SPXW250206P05870000,81.64,81.64,79.7,80.8,2,0.1447,-0.4084,0.0014,1,Feb_2025
Thu Feb 06 2025,SPXW250206C05875000,156.69,0.0,132.3,133.7,0,0.144,0.5856,0.0015,31,5875.0,SPXW250206P05875000,0.0,0.0,81.4,82.5,0,0.1441,-0.4153,0.0015,0,Feb_2025
Thu Feb 06 2025,SPXW250206C05880000,152.96,0.0,129.0,130.4,0,0.1433,0.5786,0.0015,30,5880.0,SPXW250206P05880000,0.0,0.0,83.0,84.1,0,0.1433,-0.4224,0.0015,0,Feb_2025
Thu Feb 06 2025,SPXW250206C05890000,0.0,0.0,122.5,123.8,0,0.1419,0.5642,0.0015,0,5890.0,SPXW250206P05890000,92.95,11.75,86.4,87.5,1,0.1419,-0.4367,0.0015,1,Feb_2025
Thu Feb 06 2025,SPXW250206C05900000,125.59,-6.11,116.1,117.4,68,0.1404,0.5496,0.0015,34,5900.0,SPXW250206P05900000,0.0,0.0,90.0,91.1,0,0.1405,-0.4514,0.0015,0,Feb_2025
Thu Feb 06 2025,SPXW250206C05910000,128.65,0.0,109.8,111.2,0,0.139,0.5345,0.0016,1,5910.0,SPXW250206P05910000,0.0,0.0,93.6,94.8,0,0.139,-0.4664,0.0016,0,Feb_2025
Fri Feb 07 2025,SPXW250207C05870000,140.3,0.0,139.9,141.2,0,0.1468,0.5936,0.0014,4,5870.0,SPXW250207P05870000,95.45,18.3,81.8,82.9,19,0.1468,-0.4073,0.0014,606,Feb_2025
Fri Feb 07 2025,SPXW250207C05875000,135.25,0.0,136.6,137.8,0,0.1461,0.5869,0.0014,13,5875.0,SPXW250207P05875000,89.6,10.95,83.4,84.5,1,0.1461,-0.4141,0.0014,126,Feb_2025
Fri Feb 07 2025,SPXW250207C05880000,146.7,0.0,133.2,134.5,0,0.1454,0.58,0.0014,36,5880.0,SPXW250207P05880000,97.26,17.11,85.1,86.2,6,0.1455,-0.4209,0.0014,116,Feb_2025
Fri Feb 07 2025,SPXW250207C05885000,0.0,0.0,129.9,131.2,0,0.1447,0.5731,0.0014,0,5885.0,SPXW250207P05885000,0.0,0.0,86.7,87.9,0,0.1447,-0.4278,0.0014,0,Feb_2025
Fri Feb 07 2025,SPXW250207C05890000,120.59,0.0,126.7,128.0,0,0.144,0.5661,0.0015,5,5890.0,SPXW250207P05890000,101.82,18.47,88.4,89.6,1,0.144,-0.4348,0.0015,85,Feb_2025
Fri Feb 07 2025,SPXW250207C05895000,115.6,115.6,123.5,124.7,1,0.1433,0.559,0.0015,1,5895.0,SPXW250207P05895000,103.87,103.87,90.2,91.4,1,0.1434,-0.4419,0.0015,1,Feb_2025
Mon Feb 10 2025,SPXW250210C05850000,177.07,0.0,155.4,156.9,0,0.1464,0.6182,0.0013,2,5850.0,SPXW250210P05850000,84.4,11.1,77.5,78.6,12,0.1465,-0.3828,0.0013,45,Feb_2025
Mon Feb 10 2025,SPXW250210C05875000,137.43,0.0,138.4,139.8,0,0.143,0.5858,0.0014,1,5875.0,SPXW250210P05875000,98.45,17.9,85.3,86.4,4,0.143,-0.4152,0.0014,24,Feb_2025
Mon Feb 10 2025,SPXW250210C05880000,173.09,0.0,135.1,136.5,0,0.1423,0.5791,0.0014,1,5880.0,SPXW250210P05880000,78.32,0.0,86.9,88.1,0,0.1424,-0.4219,0.0014,19,Feb_2025
Mon Feb 10 2025,SPXW250210C05890000,126.19,0.0,128.5,129.9,0,0.1409,0.5654,0.0014,1,5890.0,SPXW250210P05890000,103.94,18.89,90.3,91.5,4,0.141,-0.4356,0.0014,12,Feb_2025
Mon Feb 10 2025,SPXW250210C05900000,127.26,0.0,122.1,123.5,0,0.1395,0.5514,0.0015,1,5900.0,SPXW250210P05900000,106.84,18.49,93.9,95.1,3,0.1397,-0.4496,0.0015,20,Feb_2025
Mon Feb 10 2025,SPXW250210C05910000,0.0,0.0,115.8,117.2,0,0.1381,0.537,0.0015,0,5910.0,SPXW250210P05910000,108.82,17.17,97.5,98.7,4,0.1383,-0.4639,0.0015,64,Feb_2025
Wed Feb 12 2025,SPXW250212C05870000,0.0,0.0,146.5,147.9,0,0.1452,0.592,0.0013,0,5870.0,SPXW250212P05870000,78.86,0.0,87.0,88.2,0,0.1454,-0.4091,0.0013,2,Feb_2025
Wed Feb 12 2025,SPXW250212C05875000,0.0,0.0,143.1,144.5,0,0.1445,0.5856,0.0014,0,5875.0,SPXW250212P05875000,93.97,10.32,88.6,89.8,6,0.1447,-0.4155,0.0014,4,Feb_2025
Wed Feb 12 2025,SPXW250212C05880000,0.0,0.0,139.8,141.2,0,0.1438,0.5791,0.0014,0,5880.0,SPXW250212P05880000,105.3,20.15,90.2,91.5,2,0.144,-0.422,0.0014,2,Feb_2025
Wed Feb 12 2025,SPXW250212C05890000,129.72,-18.73,133.3,134.7,1,0.1426,0.5659,0.0014,1,5890.0,SPXW250212P05890000,99.16,10.91,93.6,94.9,3,0.1427,-0.4352,0.0014,3,Feb_2025
Wed Feb 12 2025,SPXW250212C05900000,0.0,0.0,126.8,128.2,0,0.1411,0.5524,0.0014,0,5900.0,SPXW250212P05900000,88.36,0.0,97.1,98.4,0,0.1413,-0.4487,0.0014,1,Feb_2025
Wed Feb 12 2025,SPXW250212C05910000,0.0,0.0,120.5,121.9,0,0.1398,0.5386,0.0014,0,5910.0,SPXW250212P05910000,91.98,-2.87,100.8,102.1,2,0.14,-0.4625,0.0014,3,Feb_2025
Fri Feb 14 2025,SPXW250214C05870000,151.67,0.0,151.5,152.8,0,0.1462,0.5933,0.0013,12,5870.0,SPXW250214P05870000,99.49,14.99,89.3,90.5,2,0.1464,-0.4078,0.0013,2,Feb_2025
Fri Feb 14 2025,SPXW250214C05875000,138.1,-26.25,148.1,149.5,3,0.1456,0.5871,0.0013,113,5875.0,SPXW250214P05875000,93.5,7.5,90.9,92.1,7,0.1457,-0.414,0.0013,11,Feb_2025
Fri Feb 14 2025,SPXW250214C05880000,189.8,0.0,144.8,146.1,0,0.1449,0.5808,0.0013,5,5880.0,SPXW250214P05880000,103.0,15.45,92.5,93.7,6,0.145,-0.4203,0.0013,8,Feb_2025
Fri Feb 14 2025,SPXW250214C05890000,231.05,0.0,138.2,139.6,0,0.1436,0.568,0.0013,19,5890.0,SPXW250214P05890000,103.29,12.64,95.8,97.1,2,0.1436,-0.4331,0.0013,9,Feb_2025
Fri Feb 14 2025,SPXW250214C05900000,118.5,-28.7,131.8,133.1,3,0.1423,0.555,0.0014,190,5900.0,SPXW250214P05900000,107.15,13.25,99.3,100.6,68,0.1423,-0.4462,0.0014,60,Feb_2025
Fri Feb 14 2025,SPXW250214C05910000,124.19,0.0,125.5,126.8,0,0.141,0.5416,0.0014,41,5910.0,SPXW250214P05910000,114.26,17.16,102.9,104.2,2,0.141,-0.4595,0.0014,8,Feb_2025
Fri Feb 21 2025,SPXW250221C05875000,147.98,-24.42,156.7,158.0,127,0.1434,0.587,0.0012,159,5875.0,SPXW250221P05875000,103.58,12.08,96.6,97.7,8,0.1433,-0.4143,0.0012,207,Feb_2025
Fri Feb 21 2025,SPX250221C05880000,145.65,-22.6,152.0,154.0,1,0.1418,0.5816,0.0012,140,5880.0,SPX250221P05880000,104.5,12.3,96.9,98.5,32,0.1419,-0.4195,0.0012,446,Feb_2025
Fri Feb 21 2025,SPXW250221C05880000,139.6,-29.35,153.4,154.7,294,0.1427,0.581,0.0012,404,5880.0,SPXW250221P05880000,113.7,20.65,98.2,99.3,20,0.1426,-0.4202,0.0012,250,Feb_2025
Fri Feb 21 2025,SPX250221C05885000,140.85,-24.05,147.9,151.8,2,0.1414,0.5756,0.0013,52,5885.0,SPX250221P05885000,106.3,12.6,98.6,100.1,21,0.1413,-0.4255,0.0013,396,Feb_2025
Fri Feb 21 2025,SPXW250221C05885000,168.8,0.0,150.1,151.3,0,0.1421,0.575,0.0012,28,5885.0,SPXW250221P05885000,109.0,0.0,99.9,101.0,0,0.1421,-0.4262,0.0012,65,Feb_2025
Fri Feb 21 2025,SPX250221C05890000,134.5,-26.85,145.4,147.4,17,0.1405,0.5695,0.0013,312,5890.0,SPX250221P05890000,108.56,13.31,100.3,101.8,69,0.1407,-0.4316,0.0013,299,Feb_2025
Mon Feb 24 2025,SPXW250224C05870000,0.0,0.0,0.0,0.0,0,0.0,0.0,0.0,0,5870.0,SPXW250224P05870000,0.0,0.0,0.0,0.0,0,0.0,0.0,0.0,0,Feb_2025
Mon Feb 24 2025,SPXW250224C05875000,0.0,0.0,0.0,0.0,0,0.0,0.0,0.0,0,5875.0,SPXW250224P05875000,0.0,0.0,0.0,0.0,0,0.0,0.0,0.0,0,Feb_2025
Mon Feb 24 2025,SPXW250224C05880000,0.0,0.0,0.0,0.0,0,0.0,0.0,0.0,0,5880.0,SPXW250224P05880000,0.0,0.0,0.0,0.0,0,0.0,0.0,0.0,0,Feb_2025
Mon Feb 24 2025,SPXW250224C05890000,0.0,0.0,0.0,0.0,0,0.0,0.0,0.0,0,5890.0,SPXW250224P05890000,0.0,0.0,0.0,0.0,0,0.0,0.0,0.0,0,Feb_2025
Mon Feb 24 2025,SPXW250224C05900000,0.0,0.0,0.0,0.0,0,0.0,0.0,0.0,0,5900.0,SPXW250224P05900000,0.0,0.0,0.0,0.0,0,0.0,0.0,0.0,0,Feb_2025
Mon Feb 24 2025,SPXW250224C05910000,0.0,0.0,0.0,0.0,0,0.0,0.0,0.0,0,5910.0,SPXW250224P05910000,0.0,0.0,0.0,0.0,0,0.0,0.0,0.0,0,Feb_2025
Fri Feb 28 2025,SPXW250228C05870000,162.23,0.0,172.1,173.5,0,0.1456,0.5928,0.0011,69,5870.0,SPXW250228P05870000,105.63,0.0,102.7,104.0,0,0.1456,-0.4085,0.0011,1789,Feb_2025
Fri Feb 28 2025,SPXW250228C05875000,155.83,-28.47,168.7,170.1,1,0.1449,0.5874,0.0011,387,5875.0,SPXW250228P05875000,115.0,15.9,104.3,105.5,53,0.1449,-0.4139,0.0011,108,Feb_2025
Fri Feb 28 2025,SPXW250228C05880000,209.63,0.0,165.4,166.8,0,0.1444,0.5819,0.0012,132,5880.0,SPXW250228P05880000,113.62,13.02,105.9,107.2,5,0.1443,-0.4194,0.0012,90,Feb_2025
Fri Feb 28 2025,SPXW250228C05885000,260.11,0.0,162.1,163.4,0,0.1437,0.5764,0.0012,36,5885.0,SPXW250228P05885000,112.18,0.0,107.6,108.8,0,0.1437,-0.4249,0.0012,113,Feb_2025
Fri Feb 28 2025,SPXW250228C05890000,170.04,-4.01,158.8,160.1,2,0.1431,0.5708,0.0012,184,5890.0,SPXW250228P05890000,123.22,19.62,109.2,110.5,203,0.1431,-0.4305,0.0012,300,Feb_2025
Fri Feb 28 2025,SPXW250228C05895000,176.39,0.0,155.5,156.9,0,0.1425,0.5651,0.0012,12,5895.0,SPXW250228P05895000,117.6,12.3,110.9,112.2,3,0.1425,-0.4362,0.0012,26,Feb_2025
Fri Dec 21 2029,SPX291221C05675000,1622.68,0.0,1570.1,1606.7,0,0.0,0.7876,0.0001,14,5675.0,SPX291221P05675000,438.8,0.0,432.3,491.7,0,0.2056,-0.2432,0.0001,17,Dec_2029
Fri Dec 21 2029,SPX291221C05700000,1613.0,0.0,1556.3,1592.8,0,0.0,0.7847,0.0001,87,5700.0,SPX291221P05700000,442.93,0.0,438.3,497.9,0,0.2051,-0.246,0.0001,130,Dec_2029
Fri Dec 21 2029,SPX291221C05800000,1546.13,0.0,1501.2,1537.6,0,0.0,0.7731,0.0001,100,5800.0,SPX291221P05800000,485.63,0.0,462.8,523.3,0,0.2032,-0.2576,0.0001,188,Dec_2029
Fri Dec 21 2029,SPX291221C05900000,1460.0,-31.0,1446.9,1483.0,95,0.0,0.7612,0.0001,124,5900.0,SPX291221P05900000,520.0,8.2,487.8,549.2,95,0.2013,-0.2695,0.0001,270,Dec_2029
Fri Dec 21 2029,SPX291221C06000000,1414.42,-22.43,1393.2,1429.1,11,0.0,0.7491,0.0001,1644,6000.0,SPX291221P06000000,542.18,4.53,513.3,575.7,11,0.1992,-0.2817,0.0001,1460,Dec_2029
Fri Dec 21 2029,SPX291221C06100000,1490.0,0.0,1340.2,1375.8,0,0.0,0.7366,0.0001,291,6100.0,SPX291221P06100000,532.9,0.0,539.4,602.6,0,0.1971,-0.2942,0.0001,410,Dec_2029
Fri Dec 15 2028,SPX281215C05600000,1419.5,-31.45,1409.4,1437.4,1,0.0,0.773,0.0001,424,5600.0,SPX281215P05600000,375.02,0.0,392.2,420.1,0,0.2002,-0.2489,0.0001,537,Dec_2028
Fri Dec 15 2028,SPX281215C05700000,1367.2,-23.85,1350.0,1377.7,1,0.0,0.7596,0.0001,67,5700.0,SPX281215P05700000,408.0,0.0,415.8,444.3,0,0.1978,-0.2622,0.0001,122,Dec_2028
Fri Dec 15 2028,SPX281215C05800000,1269.92,0.0,1291.4,1318.9,0,0.0,0.7458,0.0002,411,5800.0,SPX281215P05800000,419.09,0.0,440.3,469.3,0,0.1953,-0.276,0.0002,542,Dec_2028
Fri Dec 15 2028,SPX281215C05900000,1203.0,0.0,1233.6,1261.0,0,0.0,0.7316,0.0002,20,5900.0,SPX281215P05900000,443.24,0.0,465.5,495.0,0,0.1928,-0.2902,0.0002,403,Dec_2028
Fri Dec 15 2028,SPX281215C06000000,1269.19,0.0,1176.7,1203.8,0,0.0,0.717,0.0002,1255,6000.0,SPX281215P06000000,512.0,9.8,491.5,521.5,26,0.1902,-0.3048,0.0002,1420,Dec_2028
Fri Dec 15 2028,SPX281215C06100000,1228.5,0.0,1120.6,1147.5,0,0.0,0.702,0.0002,530,6100.0,SPX281215P06100000,510.0,0.0,518.3,548.8,0,0.1876,-0.3199,0.0002,535,Dec_2028
Thu Apr 17 2025,SPXW250417C05875000,234.56,-18.44,237.5,239.0,1,0.1491,0.5969,0.0008,8,5875.0,SPXW250417P05875000,146.26,8.51,142.4,143.7,1,0.149,-0.4052,0.0008,191,Apr_2025
Thu Apr 17 2025,SPX250417C05880000,256.11,0.0,232.7,236.2,0,0.1483,0.5936,0.0008,15,5880.0,SPX250417P05880000,136.25,0.0,143.3,145.0,0,0.1484,-0.4086,0.0008,583,Apr_2025
Thu Apr 17 2025,SPXW250417C05880000,241.04,-8.36,234.1,235.6,2,0.1486,0.593,0.0008,1,5880.0,SPXW250417P05880000,152.34,13.09,143.9,145.2,16,0.1485,-0.4091,0.0008,7,Apr_2025
Thu Apr 17 2025,SPX250417C05885000,0.0,0.0,229.3,232.8,0,0.1478,0.5896,0.0008,0,5885.0,SPX250417P05885000,152.1,11.8,144.7,146.5,2,0.1479,-0.4125,0.0008,2,Apr_2025
Thu Apr 17 2025,SPX250417C05890000,295.8,0.0,225.6,229.4,0,0.1471,0.5856,0.0008,5,5890.0,SPX250417P05890000,149.32,7.52,146.4,148.1,50,0.1474,-0.4165,0.0008,81,Apr_2025
Thu Apr 17 2025,SPXW250417C05890000,238.21,-4.39,227.3,228.9,2,0.1476,0.5852,0.0008,23,5890.0,SPXW250417P05890000,103.76,0.0,147.0,148.3,0,0.1474,-0.4169,0.0008,8,Apr_2025
Wed Apr 30 2025,SPXW250430C05870000,243.29,0.0,255.6,257.5,0,0.1495,0.6029,0.0008,3,5870.0,SPXW250430P05870000,162.04,17.74,148.7,150.3,5,0.1496,-0.3994,0.0008,15,Apr_2025
Wed Apr 30 2025,SPXW250430C05875000,239.94,0.0,252.2,254.1,0,0.149,0.5992,0.0008,2,5875.0,SPXW250430P05875000,162.47,16.77,150.2,151.8,3,0.1491,-0.403,0.0008,577,Apr_2025
Wed Apr 30 2025,SPXW250430C05880000,264.41,0.11,248.8,250.7,66,0.1486,0.5956,0.0008,33,5880.0,SPXW250430P05880000,165.23,18.03,151.7,153.3,1,0.1486,-0.4067,0.0008,40,Apr_2025
Wed Apr 30 2025,SPXW250430C05885000,0.0,0.0,245.4,247.3,0,0.1481,0.5919,0.0008,0,5885.0,SPXW250430P05885000,111.6,0.0,153.2,154.8,0,0.1481,-0.4104,0.0008,20,Apr_2025
Wed Apr 30 2025,SPXW250430C05890000,364.6,0.0,242.0,243.9,0,0.1476,0.5882,0.0008,4,5890.0,SPXW250430P05890000,152.58,0.0,154.8,156.4,0,0.1477,-0.4141,0.0008,37,Apr_2025
Wed Apr 30 2025,SPXW250430C05895000,0.0,0.0,238.7,240.6,0,0.1471,0.5844,0.0008,0,5895.0,SPXW250430P05895000,147.26,0.0,156.3,158.0,0,0.1472,-0.4179,0.0008,7,Apr_2025
Fri Sep 19 2025,SPX250919C05825000,466.86,0.0,446.3,449.7,0,0.1651,0.6418,0.0005,575,5825.0,SPX250919P05825000,209.57,0.0,216.3,218.8,0,0.165,-0.3625,0.0005,1001,Sep_2025
Fri Sep 19 2025,SPX250919C05850000,421.26,-23.79,429.0,432.1,42,0.1633,0.6311,0.0005,963,5850.0,SPX250919P05850000,234.7,15.35,222.9,225.4,145,0.1631,-0.3733,0.0005,2537,Sep_2025
Fri Sep 19 2025,SPX250919C05875000,462.41,0.0,411.6,414.8,0,0.1614,0.6201,0.0005,1646,5875.0,SPX250919P05875000,241.03,15.03,229.7,232.2,4,0.1612,-0.3843,0.0005,912,Sep_2025
Fri Sep 19 2025,SPX250919C05900000,386.32,-23.73,394.5,397.6,2,0.1595,0.6087,0.0005,4532,5900.0,SPX250919P05900000,245.24,12.39,236.8,239.3,5,0.1593,-0.3956,0.0005,5062,Sep_2025
Fri Sep 19 2025,SPX250919C05925000,372.08,-21.02,377.4,380.7,4,0.1576,0.5971,0.0005,1647,5925.0,SPX250919P05925000,237.55,0.0,244.2,246.6,0,0.1574,-0.4072,0.0005,994,Sep_2025
Fri Sep 19 2025,SPX250919C05950000,355.3,-20.95,361.0,364.1,2,0.1557,0.5852,0.0005,2117,5950.0,SPX250919P05950000,262.01,14.66,251.6,254.1,3,0.1555,-0.4192,0.0005,2412,Sep_2025
Tue Sep 30 2025,SPXW250930C05825000,617.6,0.0,456.5,459.6,0,0.1654,0.6425,0.0004,52,5825.0,SPXW250930P05825000,186.11,0.0,221.3,223.8,0,0.1653,-0.362,0.0004,30,Sep_2025
Tue Sep 30 2025,SPXW250930C05850000,564.24,0.0,439.1,442.0,0,0.1636,0.632,0.0005,200,5850.0,SPXW250930P05850000,233.68,9.33,227.9,230.4,2,0.1635,-0.3725,0.0005,54,Sep_2025
Tue Sep 30 2025,SPXW250930C05875000,567.66,0.0,421.6,424.7,0,0.1617,0.6213,0.0005,9,5875.0,SPXW250930P05875000,242.1,11.15,234.8,237.3,3,0.1616,-0.3832,0.0005,801,Sep_2025
Tue Sep 30 2025,SPXW250930C05900000,393.42,-26.98,404.5,407.6,3,0.1598,0.6102,0.0005,105,5900.0,SPXW250930P05900000,252.08,14.28,241.7,244.3,3,0.1597,-0.3943,0.0005,60,Sep_2025
Tue Sep 30 2025,SPXW250930C05925000,521.84,0.0,387.7,390.7,0,0.158,0.5989,0.0005,58,5925.0,SPXW250930P05925000,256.07,11.17,249.0,251.7,12,0.1579,-0.4056,0.0005,105,Sep_2025
Tue Sep 30 2025,SPXW250930C05950000,507.33,0.0,371.1,374.1,0,0.1561,0.5873,0.0005,99,5950.0,SPXW250930P05950000,249.6,0.0,256.6,259.2,0,0.156,-0.4172,0.0005,185,Sep_2025
Fri Mar 20 2026,SPX260320C05825000,0.0,0.0,611.0,619.5,0,0.173,0.6601,0.0003,0,5825.0,SPX260320P05825000,287.3,0.0,284.0,287.5,0,0.1728,-0.3473,0.0003,84,Mar_2026
Fri Mar 20 2026,SPX260320C05850000,628.88,0.0,594.0,601.7,0,0.1714,0.6524,0.0003,22,5850.0,SPX260320P05850000,294.0,0.0,290.7,294.2,0,0.1714,-0.3551,0.0003,183,Mar_2026
Fri Mar 20 2026,SPX260320C05875000,0.0,0.0,577.2,584.8,0,0.17,0.6444,0.0004,0,5875.0,SPX260320P05875000,300.6,0.0,297.5,301.1,0,0.17,-0.3631,0.0004,74,Mar_2026
Fri Mar 20 2026,SPX260320C05900000,553.8,-25.05,562.7,567.3,252,0.1689,0.6363,0.0004,658,5900.0,SPX260320P05900000,312.8,11.5,304.5,308.1,10,0.1686,-0.3712,0.0004,487,Mar_2026
Fri Mar 20 2026,SPX260320C05925000,581.78,0.0,544.1,551.6,0,0.1673,0.6281,0.0004,7,5925.0,SPX260320P05925000,301.0,0.0,311.7,315.3,0,0.1673,-0.3794,0.0004,119,Mar_2026
Fri Mar 20 2026,SPX260320C05950000,596.73,0.0,527.8,535.3,0,0.1659,0.6197,0.0004,32,5950.0,SPX260320P05950000,339.8,0.0,319.0,322.6,0,0.1659,-0.3878,0.0004,28,Mar_2026
Fri May 16 2025,SPXW250516C05875000,344.48,0.0,273.9,275.9,0,0.152,0.6012,0.0007,0,5875.0,SPXW250516P05875000,175.91,0.0,162.6,164.2,0,0.152,-0.4012,0.0007,86,May_2025
Fri May 16 2025,SPX250516C05880000,304.5,0.0,269.0,273.2,0,0.1514,0.598,0.0007,7,5880.0,SPX250516P05880000,173.9,14.8,163.3,165.5,1,0.1513,-0.4045,0.0007,54,May_2025
Fri May 16 2025,SPXW250516C05880000,0.0,0.0,270.5,272.4,0,0.1514,0.5979,0.0007,0,5880.0,SPXW250516P05880000,177.41,0.0,164.1,165.7,0,0.1515,-0.4046,0.0007,40,May_2025
Fri May 16 2025,SPX250516C05890000,259.3,0.0,262.2,266.4,0,0.1504,0.5912,0.0007,3,5890.0,SPX250516P05890000,170.5,8.55,166.3,168.6,4,0.1504,-0.4113,0.0007,41,May_2025
Fri May 16 2025,SPXW250516C05890000,320.7,0.0,263.7,265.6,0,0.1505,0.5911,0.0007,5,5890.0,SPXW250516P05890000,0.0,0.0,167.1,168.8,0,0.1506,-0.4114,0.0007,0,May_2025
Fri May 16 2025,SPX250516C05900000,250.83,-20.92,256.4,259.0,64,0.1496,0.5843,0.0007,1869,5900.0,SPX250516P05900000,178.17,13.32,169.5,171.6,108,0.1494,-0.4182,0.0007,2930,May_2025
Fri May 30 2025,SPXW250530C05870000,377.03,0.0,293.7,295.9,0,0.1532,0.607,0.0007,3,5870.0,SPXW250530P05870000,181.16,16.36,169.2,171.0,41,0.1533,-0.3956,0.0007,76,May_2025
Fri May 30 2025,SPXW250530C05875000,293.83,0.0,290.3,292.4,0,0.1528,0.6039,0.0007,3,5875.0,SPXW250530P05875000,170.78,0.0,170.7,172.4,0,0.1528,-0.3988,0.0007,85,May_2025
Fri May 30 2025,SPXW250530C05880000,390.0,0.0,286.8,289.0,0,0.1523,0.6007,0.0007,3,5880.0,SPXW250530P05880000,175.79,8.24,172.1,173.9,10,0.1524,-0.4019,0.0007,158,May_2025
Fri May 30 2025,SPXW250530C05890000,282.25,0.0,280.0,282.2,0,0.1514,0.5943,0.0007,3,5890.0,SPXW250530P05890000,181.57,11.12,175.1,176.9,1,0.1514,-0.4084,0.0007,90,May_2025
Fri May 30 2025,SPXW250530C05900000,266.0,-22.55,273.3,275.4,34,0.1505,0.5878,0.0007,209,5900.0,SPXW250530P05900000,192.0,18.6,178.1,179.9,14,0.1505,-0.4149,0.0007,1153,May_2025
Fri May 30 2025,SPXW250530C05910000,289.0,0.0,266.7,268.8,0,0.1496,0.5812,0.0007,341,5910.0,SPXW250530P05910000,172.57,0.0,181.3,183.1,0,0.1496,-0.4215,0.0007,39,May_2025
Fri Jul 18 2025,SPX250718C05825000,539.44,0.0,380.7,383.3,0,0.1608,0.6374,0.0005,192,5825.0,SPX250718P05825000,201.4,0.0,184.4,186.4,0,0.1609,-0.3659,0.0005,357,Jul_2025
Fri Jul 18 2025,SPX250718C05850000,347.9,-31.1,363.2,365.5,4,0.1587,0.6248,0.0006,287,5850.0,SPX250718P05850000,202.92,16.02,191.0,193.0,3,0.1588,-0.3785,0.0006,794,Jul_2025
Fri Jul 18 2025,SPX250718C05875000,329.92,-31.38,345.5,348.1,18,0.1565,0.6117,0.0006,1336,5875.0,SPX250718P05875000,191.48,0.0,197.9,200.1,0,0.1567,-0.3916,0.0006,123,Jul_2025
Fri Jul 18 2025,SPX250718C05900000,320.47,-23.43,328.6,330.9,142,0.1544,0.5982,0.0006,2448,5900.0,SPX250718P05900000,217.27,16.67,205.2,207.2,11,0.1545,-0.4051,0.0006,2730,Jul_2025
Fri Jul 18 2025,SPX250718C05925000,305.86,0.0,311.6,314.2,0,0.1523,0.5843,0.0006,126,5925.0,SPX250718P05925000,226.28,18.48,212.8,214.8,5,0.1524,-0.419,0.0006,220,Jul_2025
Fri Jul 18 2025,SPX250718C05950000,282.15,-27.9,295.4,297.6,1,0.1503,0.57,0.0006,696,5950.0,SPX250718P05950000,220.47,0.0,220.7,222.7,0,0.1504,-0.4333,0.0006,326,Jul_2025
Fri Mar 07 2025,SPXW250307C05870000,0.0,0.0,182.6,184.1,0,0.1459,0.5938,0.0011,0,5870.0,SPXW250307P05870000,0.0,0.0,109.0,110.3,0,0.1459,-0.4078,0.0011,0,Mar_2025
Fri Mar 07 2025,SPXW250307C05875000,186.28,186.28,179.2,180.7,2,0.1453,0.5886,0.0011,2,5875.0,SPXW250307P05875000,0.0,0.0,110.5,111.9,0,0.1453,-0.4129,0.0011,0,Mar_2025
Fri Mar 07 2025,SPXW250307C05880000,0.0,0.0,175.8,177.3,0,0.1446,0.5835,0.0011,0,5880.0,SPXW250307P05880000,0.0,0.0,112.1,113.5,0,0.1447,-0.4181,0.0011,0,Mar_2025
Fri Mar 07 2025,SPXW250307C05890000,176.22,176.22,169.2,170.7,2,0.1435,0.573,0.0011,2,5890.0,SPXW250307P05890000,0.0,0.0,115.4,116.8,0,0.1436,-0.4286,0.0011,0,Mar_2025
Fri Mar 07 2025,SPXW250307C05900000,0.0,0.0,162.6,164.1,0,0.1422,0.5624,0.0011,0,5900.0,SPXW250307P05900000,123.34,123.34,118.8,120.2,1,0.1424,-0.4392,0.0011,1,Mar_2025
Fri Mar 07 2025,SPXW250307C05910000,0.0,0.0,156.2,157.7,0,0.1411,0.5515,0.0011,0,5910.0,SPXW250307P05910000,0.0,0.0,122.2,123.6,0,0.1411,-0.4501,0.0011,0,Mar_2025
Fri Mar 21 2025,SPXW250321C05875000,303.67,0.0,200.4,201.6,0,0.1472,0.5907,0.001,71,5875.0,SPXW250321P05875000,133.6,15.2,123.2,124.4,2,0.1471,-0.4112,0.001,152,Mar_2025
Fri Mar 21 2025,SPX250321C05880000,201.9,-9.55,196.1,198.1,2,0.1463,0.5863,0.001,242,5880.0,SPX250321P05880000,127.4,0.0,124.2,125.6,0,0.1464,-0.4156,0.001,302,Mar_2025
Fri Mar 21 2025,SPXW250321C05880000,183.5,-28.65,197.0,198.3,5,0.1466,0.586,0.001,24,5880.0,SPXW250321P05880000,134.55,14.8,124.8,125.9,3,0.1465,-0.4158,0.001,92,Mar_2025
Fri Mar 21 2025,SPX250321C05885000,190.21,-17.89,192.3,195.2,20,0.1458,0.5816,0.001,34,5885.0,SPX250321P05885000,130.57,9.92,125.7,127.2,20,0.1458,-0.4203,0.001,159,Mar_2025
Fri Mar 21 2025,SPXW250321C05885000,185.8,-22.9,193.6,194.9,2,0.146,0.5814,0.001,11,5885.0,SPXW250321P05885000,131.65,0.0,126.4,127.5,0,0.146,-0.4205,0.001,11,Mar_2025
Fri Mar 21 2025,SPX250321C05890000,174.4,-30.2,189.4,191.4,2,0.1451,0.5769,0.001,177,5890.0,SPX250321P05890000,132.78,10.58,127.4,128.9,18,0.1453,-0.425,0.001,373,Mar_2025
Mon Mar 31 2025,SPXW250331C05870000,206.81,0.0,215.4,217.0,0,0.1471,0.5964,0.0009,122,5870.0,SPXW250331P05870000,141.19,17.39,128.3,129.6,2,0.1471,-0.4053,0.0009,52,Mar_2025
Mon Mar 31 2025,SPXW250331C05875000,256.21,0.0,212.0,213.6,0,0.1465,0.5921,0.0009,146,5875.0,SPXW250331P05875000,142.54,17.24,129.8,131.1,84,0.1465,-0.4096,0.0009,285,Mar_2025
Mon Mar 31 2025,SPXW250331C05880000,194.98,-29.12,208.6,210.2,11,0.146,0.5878,0.0009,60,5880.0,SPXW250331P05880000,144.28,17.58,131.2,132.7,46,0.146,-0.4139,0.0009,86,Mar_2025
Mon Mar 31 2025,SPXW250331C05885000,220.37,-0.38,205.2,206.8,24,0.1454,0.5834,0.0009,15,5885.0,SPXW250331P05885000,145.22,17.02,132.9,134.3,4,0.1455,-0.4183,0.0009,15,Mar_2025
Mon Mar 31 2025,SPXW250331C05890000,192.82,-24.38,201.9,203.5,252,0.1449,0.579,0.0009,225,5890.0,SPXW250331P05890000,139.35,9.65,134.5,135.9,6,0.1449,-0.4227,0.0009,23,Mar_2025
Mon Mar 31 2025,SPXW250331C05895000,249.52,0.0,198.5,200.1,0,0.1443,0.5745,0.0009,3,5895.0,SPXW250331P05895000,142.33,11.03,136.1,137.5,1,0.1444,-0.4272,0.0009,51,Mar_2025
